type_de_transaction,type_de_bien,code_postal,prix_m2_an,surface
Location,Bureaux,75001,830,1051
Location,Bureaux,75001,643,140
Location,Bureaux,75001,650,166
Location,Bureaux,75001,700,215
Location,Bureaux,75001,570,114
Location,Bureaux,75001,650,145
Location,Bureaux,75001,507,189
Location,Bureaux,75001,750,205
Location,Bureaux,75001,700,215
Location,Bureaux,75001,650,137
Location,Bureaux,75001,675,139
Location,Bureaux,75001,650,236
Location,Bureaux,75001,700,215
Location,Bureaux,75001,470,84
Location,Bureaux,75001,477,140
Location,Bureaux,75001,NaN,36
Location,Bureaux,75001,472,91
Location,Bureaux,75001,660,455
Location,Bureaux,75001,721,415
Location,Bureaux,75001,540,115
Location,Bureaux,75001,486,113
Location,Bureaux,75001,700,167
Location,Bureaux,75001,311,66
Location,Bureaux,75001,471,53
Location,Bureaux,75001,659,455
Location,Bureaux,75001,700,167
Location,Bureaux,75001,490,51
Location,Bureaux,75001,720,415
Location,Bureaux,75001,500,98
Location,Bureaux,75001,650,28
Location,Bureaux,75001,564,45
Location,Bureaux,75001,600,314
Location,Bureaux,75001,549,227
Location,Bureaux,75001,700,24
Location,Bureaux,75001,820,205
Location,Bureaux,75001,700,24
Location,Bureaux,75001,564,45
Location,Bureaux,75001,550,160
Location,Bureaux,75001,495,150
Location,Bureaux,75001,700,1509
Location,Bureaux,75001,495,180
Location,Bureaux,75001,515,221
Location,Bureaux,75001,830,1051
Location,Bureaux,75001,700,1510
Location,Bureaux,75001,820,205
Location,Bureaux,75001,400,327
Location,Bureaux,75001,537,189
Location,Bureaux,75001,495,152
Location,Bureaux,75001,495,152
Location,Bureaux,75001,549,227
Location,Bureaux,75001,549,100
Location,Bureaux,75001,452,155
Location,Bureaux,75001,450,113
Location,Bureaux,75001,580,214
Location,Bureaux,75001,600,170
Location,Bureaux,75001,790,450
Location,Bureaux,75001,524,110
Location,Bureaux,75001,630,407
Location,Bureaux,75001,473,104
Location,Bureaux,75001,531,171
Location,Bureaux,75001,550,60
Location,Bureaux,75001,476,84
Location,Bureaux,75001,530,110
Location,Bureaux,75001,700,24
Location,Bureaux,75001,550,160
Location,Bureaux,75001,465,43
Location,Bureaux,75001,470,117
Location,Bureaux,75001,530,63
Location,Bureaux,75001,450,130
Location,Bureaux,75001,520,87
Location,Bureaux,75001,555,119
Location,Bureaux,75001,550,48
Location,Bureaux,75001,700,60
Location,Bureaux,75001,526,64
Location,Bureaux,75001,570,170
Location,Bureaux,75001,420,49
Location,Bureaux,75001,522,44
Location,Bureaux,75001,640,98
Location,Bureaux,75001,420,49
Location,Bureaux,75002,650,117
Location,Bureaux,75002,357,111
Location,Bureaux,75002,728,97
Location,Bureaux,75002,621,70
Location,Bureaux,75002,542,72
Location,Bureaux,75002,356,111
Location,Bureaux,75002,746,70
Location,Bureaux,75002,478,138
Location,Bureaux,75002,390,359
Location,Bureaux,75002,580,477
Location,Bureaux,75002,550,85
Location,Bureaux,75002,440,53
Location,Bureaux,75002,530,128
Location,Bureaux,75002,580,477
Location,Bureaux,75002,357,111
Location,Bureaux,75002,550,240
Location,Bureaux,75002,700,248
Location,Bureaux,75002,700,248
Location,Bureaux,75002,520,130
Location,Bureaux,75002,571,42
Location,Bureaux,75002,405,221
Location,Bureaux,75002,470,110
Location,Bureaux,75002,413,155
Location,Bureaux,75002,750,1049
Location,Bureaux,75002,750,3033
Location,Bureaux,75002,750,934
Location,Bureaux,75002,750,1390
Location,Bureaux,75002,465,125
Location,Bureaux,75002,750,600
Location,Bureaux,75002,550,240
Location,Bureaux,75002,580,62
Location,Bureaux,75002,750,510
Location,Bureaux,75002,480,83
Location,Bureaux,75002,550,72
Location,Bureaux,75002,738,65
Location,Bureaux,75002,620,341
Location,Bureaux,75002,550,162
Location,Bureaux,75002,870,787
Location,Bureaux,75002,580,477
Location,Bureaux,75002,550,72
Location,Bureaux,75002,640,150
Location,Bureaux,75002,591,440
Location,Bureaux,75002,227,462
Location,Bureaux,75002,680,238
Location,Bureaux,75002,480,91
Location,Bureaux,75002,750,391
Location,Bureaux,75002,455,123
Location,Bureaux,75002,550,72
Location,Bureaux,75002,450,66
Location,Bureaux,75002,654,130
Location,Bureaux,75002,NaN,6007
Location,Bureaux,75002,650,137
Location,Bureaux,75002,NaN,112
Location,Bureaux,75002,686,223
Location,Bureaux,75002,420,130
Location,Bureaux,75002,680,238
Location,Bureaux,75002,NaN,160
Location,Bureaux,75002,570,159
Location,Bureaux,75002,620,187
Location,Bureaux,75002,570,159
Location,Bureaux,75002,630,417
Location,Bureaux,75002,NaN,692
Location,Bureaux,75002,500,200
Location,Bureaux,75002,630,417
Location,Bureaux,75002,530,85
Location,Bureaux,75002,620,341
Location,Bureaux,75002,744,538
Location,Bureaux,75002,520,74
Location,Bureaux,75002,600,60
Location,Bureaux,75002,923,115
Location,Bureaux,75002,570,159
Location,Bureaux,75002,650,117
Location,Bureaux,75002,570,159
Location,Bureaux,75002,810,1900
Location,Bureaux,75002,550,164
Location,Bureaux,75002,580,325
Location,Bureaux,75002,520,158
Location,Bureaux,75002,530,126
Location,Bureaux,75002,448,66
Location,Bureaux,75002,534,73
Location,Bureaux,75002,720,2235
Location,Bureaux,75002,550,162
Location,Bureaux,75002,571,210
Location,Bureaux,75002,485,84
Location,Bureaux,75002,580,83
Location,Bureaux,75002,550,84
Location,Bureaux,75002,720,2234
Location,Bureaux,75002,380,126
Location,Bureaux,75002,620,130
Location,Bureaux,75002,667,108
Location,Bureaux,75002,520,74
Location,Bureaux,75002,357,111
Location,Bureaux,75002,750,2011
Location,Bureaux,75002,380,126
Location,Bureaux,75002,620,847
Location,Bureaux,75002,550,85
Location,Bureaux,75002,640,150
Location,Bureaux,75002,NaN,729
Location,Bureaux,75002,770,600
Location,Bureaux,75002,NaN,1726
Location,Bureaux,75002,613,43
Location,Bureaux,75002,537,205
Location,Bureaux,75002,550,220
Location,Bureaux,75002,NaN,1977
Location,Bureaux,75002,770,25
Location,Bureaux,75002,733,90
Location,Bureaux,75002,558,53
Location,Bureaux,75002,750,279
Location,Bureaux,75002,550,200
Location,Bureaux,75002,NaN,1193
Location,Bureaux,75002,536,74
Location,Bureaux,75002,550,200
Location,Bureaux,75002,800,254
Location,Bureaux,75002,570,159
Location,Bureaux,75002,650,254
Location,Bureaux,75002,NaN,27
Location,Bureaux,75002,288,146
Location,Bureaux,75002,432,150
Location,Bureaux,75002,550,105
Location,Bureaux,75002,1000,100
Location,Bureaux,75002,817,322
Location,Bureaux,75002,450,310
Location,Bureaux,75002,600,60
Location,Bureaux,75002,404,99
Location,Bureaux,75002,520,202
Location,Bureaux,75002,560,305
Location,Bureaux,75002,481,53
Location,Bureaux,75002,439,114
Location,Bureaux,75002,442,55
Location,Bureaux,75002,480,166
Location,Bureaux,75002,361,83
Location,Bureaux,75002,480,104
Location,Bureaux,75002,578,83
Location,Bureaux,75002,480,297
Location,Bureaux,75002,550,198
Location,Bureaux,75002,521,165
Location,Bureaux,75002,428,35
Location,Bureaux,75002,600,130
Location,Bureaux,75002,550,113
Location,Bureaux,75002,361,83
Location,Bureaux,75002,420,142
Location,Bureaux,75002,609,230
Location,Bureaux,75002,452,53
Location,Bureaux,75002,556,288
Location,Bureaux,75002,580,197
Location,Bureaux,75002,417,125
Location,Bureaux,75002,610,548
Location,Bureaux,75002,450,110
Location,Bureaux,75002,650,138
Location,Bureaux,75002,590,61
Location,Bureaux,75002,600,40
Location,Bureaux,75002,450,88
Location,Bureaux,75002,999,110
Location,Bureaux,75002,664,30
Location,Bureaux,75002,530,380
Location,Bureaux,75002,555,112
Location,Bureaux,75002,300,38
Location,Bureaux,75002,595,84
Location,Bureaux,75002,550,113
Location,Bureaux,75002,412,131
Location,Bureaux,75002,472,106
Location,Bureaux,75002,530,72
Location,Bureaux,75002,560,325
Location,Bureaux,75002,821,95
Location,Bureaux,75002,550,158
Location,Bureaux,75002,356,90
Location,Bureaux,75002,401,324
Location,Bureaux,75002,520,158
Location,Bureaux,75002,530,158
Location,Bureaux,75002,999,170
Location,Bureaux,75002,870,60
Location,Bureaux,75002,600,1601
Location,Bureaux,75002,508,130
Location,Bureaux,75002,620,329
Location,Bureaux,75003,487,78
Location,Bureaux,75003,350,70
Location,Bureaux,75003,450,95
Location,Bureaux,75003,565,85
Location,Bureaux,75003,582,165
Location,Bureaux,75003,480,68
Location,Bureaux,75003,455,44
Location,Bureaux,75003,448,145
Location,Bureaux,75003,480,125
Location,Bureaux,75003,850,300
Location,Bureaux,75003,925,75
Location,Bureaux,75003,542,165
Location,Bureaux,75003,562,89
Location,Bureaux,75003,525,210
Location,Bureaux,75003,605,165
Location,Bureaux,75003,760,523
Location,Bureaux,75003,750,40
Location,Bureaux,75003,560,140
Location,Bureaux,75003,500,180
Location,Bureaux,75003,500,155
Location,Bureaux,75003,500,155
Location,Bureaux,75003,560,140
Location,Bureaux,75003,600,296
Location,Bureaux,75003,500,155
Location,Bureaux,75003,686,223
Location,Bureaux,75003,686,223
Location,Bureaux,75003,741,409
Location,Bureaux,75003,700,243
Location,Bureaux,75003,450,95
Location,Bureaux,75003,741,540
Location,Bureaux,75003,536,280
Location,Bureaux,75003,480,68
Location,Bureaux,75003,475,101
Location,Bureaux,75003,686,223
Location,Bureaux,75003,588,228
Location,Bureaux,75003,500,104
Location,Bureaux,75003,450,95
Location,Bureaux,75003,500,104
Location,Bureaux,75003,620,80
Location,Bureaux,75003,520,33
Location,Bureaux,75003,545,220
Location,Bureaux,75003,588,228
Location,Bureaux,75003,620,80
Location,Bureaux,75003,500,95
Location,Bureaux,75003,650,400
Location,Bureaux,75003,481,133
Location,Bureaux,75003,686,223
Location,Bureaux,75003,480,125
Location,Bureaux,75003,440,135
Location,Bureaux,75003,519,81
Location,Bureaux,75003,366,82
Location,Bureaux,75003,542,247
Location,Bureaux,75003,631,118
Location,Bureaux,75003,555,70
Location,Bureaux,75003,610,120
Location,Bureaux,75003,450,115
Location,Bureaux,75003,450,100
Location,Bureaux,75003,540,115
Location,Bureaux,75003,441,102
Location,Bureaux,75003,610,410
Location,Bureaux,75003,427,96
Location,Bureaux,75003,560,160
Location,Bureaux,75003,520,226
Location,Bureaux,75003,440,65
Location,Bureaux,75003,450,110
Location,Bureaux,75003,356,33
Location,Bureaux,75003,388,207
Location,Bureaux,75003,494,243
Location,Bureaux,75003,352,97
Location,Bureaux,75003,418,132
Location,Bureaux,75003,521,27
Location,Bureaux,75004,630,457
Location,Bureaux,75004,NaN,100
Location,Bureaux,75004,480,61
Location,Bureaux,75004,553,65
Location,Bureaux,75004,631,457
Location,Bureaux,75004,281,80
Location,Bureaux,75004,453,530
Location,Bureaux,75004,367,327
Location,Bureaux,75004,NaN,35
Location,Bureaux,75004,383,49
Location,Bureaux,75004,655,55
Location,Bureaux,75004,452,149
Location,Bureaux,75004,417,170
Location,Bureaux,75004,342,38
Location,Bureaux,75004,500,337
Location,Bureaux,75005,522,134
Location,Bureaux,75005,460,487
Location,Bureaux,75005,460,487
Location,Bureaux,75005,480,80
Location,Bureaux,75005,490,333
Location,Bureaux,75005,431,296
Location,Bureaux,75005,705,440
Location,Bureaux,75005,597,880
Location,Bureaux,75005,492,65
Location,Bureaux,75005,510,60
Location,Bureaux,75005,NaN,200
Location,Bureaux,75005,390,80
Location,Bureaux,75006,522,94
Location,Bureaux,75006,490,133
Location,Bureaux,75006,420,185
Location,Bureaux,75006,600,185
Location,Bureaux,75006,612,178
Location,Bureaux,75006,444,90
Location,Bureaux,75006,900,80
Location,Bureaux,75006,612,178
Location,Bureaux,75006,419,219
Location,Bureaux,75006,552,25
Location,Bureaux,75006,530,200
Location,Bureaux,75006,550,2077
Location,Bureaux,75006,612,178
Location,Bureaux,75006,416,72
Location,Bureaux,75006,480,43
Location,Bureaux,75006,690,75
Location,Bureaux,75006,622,54
Location,Bureaux,75006,350,65
Location,Bureaux,75006,551,389
Location,Bureaux,75006,537,264
Location,Bureaux,75006,367,65
Location,Bureaux,75006,904,177
Location,Bureaux,75006,612,178
Location,Bureaux,75006,612,178
Location,Bureaux,75006,380,65
Location,Bureaux,75006,588,153
Location,Bureaux,75006,400,64
Location,Bureaux,75006,490,134
Location,Bureaux,75006,732,164
Location,Bureaux,75006,208,45
Location,Bureaux,75006,600,325
Location,Bureaux,75006,600,325
Location,Bureaux,75006,600,325
Location,Bureaux,75006,600,325
Location,Bureaux,75006,690,75
Location,Bureaux,75006,480,165
Location,Bureaux,75006,480,64
Location,Bureaux,75006,560,110
Location,Bureaux,75007,480,81
Location,Bureaux,75007,480,82
Location,Bureaux,75007,713,32
Location,Bureaux,75007,381,183
Location,Bureaux,75007,520,150
Location,Bureaux,75007,520,241
Location,Bureaux,75007,600,107
Location,Bureaux,75007,520,150
Location,Bureaux,75007,530,55
Location,Bureaux,75007,570,190
Location,Bureaux,75007,683,92
Location,Bureaux,75007,512,123
Location,Bureaux,75007,408,90
Location,Bureaux,75007,551,145
Location,Bureaux,75007,461,203
Location,Bureaux,75007,550,161
Location,Bureaux,75007,400,55
Location,Bureaux,75007,450,177
Location,Bureaux,75007,557,106
Location,Bureaux,75008,500,166
Location,Bureaux,75008,520,65
Location,Bureaux,75008,615,165
Location,Bureaux,75008,650,216
Location,Bureaux,75008,553,143
Location,Bureaux,75008,500,70
Location,Bureaux,75008,530,85
Location,Bureaux,75008,350,108
Location,Bureaux,75008,700,152
Location,Bureaux,75008,448,1115
Location,Bureaux,75008,720,350
Location,Bureaux,75008,NaN,100
Location,Bureaux,75008,638,141
Location,Bureaux,75008,725,194
Location,Bureaux,75008,600,300
Location,Bureaux,75008,500,225
Location,Bureaux,75008,570,144
Location,Bureaux,75008,625,50
Location,Bureaux,75008,600,187
Location,Bureaux,75008,625,37
Location,Bureaux,75008,638,141
Location,Bureaux,75008,638,141
Location,Bureaux,75008,540,40
Location,Bureaux,75008,625,176
Location,Bureaux,75008,830,1344
Location,Bureaux,75008,562,130
Location,Bureaux,75008,791,139
Location,Bureaux,75008,688,32
Location,Bureaux,75008,500,136
Location,Bureaux,75008,638,141
Location,Bureaux,75008,900,300
Location,Bureaux,75008,750,24
Location,Bureaux,75008,555,160
Location,Bureaux,75008,620,285
Location,Bureaux,75008,550,101
Location,Bureaux,75008,500,135
Location,Bureaux,75008,700,30
Location,Bureaux,75008,550,127
Location,Bureaux,75008,500,48
Location,Bureaux,75008,720,30
Location,Bureaux,75008,480,117
Location,Bureaux,75008,NaN,350
Location,Bureaux,75008,800,60
Location,Bureaux,75008,670,1246
Location,Bureaux,75008,NaN,423
Location,Bureaux,75008,550,127
Location,Bureaux,75008,638,141
Location,Bureaux,75008,650,197
Location,Bureaux,75008,650,290
Location,Bureaux,75008,610,155
Location,Bureaux,75008,698,129
Location,Bureaux,75008,686,21
Location,Bureaux,75008,720,116
Location,Bureaux,75008,700,152
Location,Bureaux,75008,664,60
Location,Bureaux,75008,850,152
Location,Bureaux,75008,800,1175
Location,Bureaux,75008,486,74
Location,Bureaux,75008,472,91
Location,Bureaux,75008,681,270
Location,Bureaux,75008,630,140
Location,Bureaux,75008,536,46
Location,Bureaux,75008,630,223
Location,Bureaux,75008,631,175
Location,Bureaux,75008,790,976
Location,Bureaux,75008,500,225
Location,Bureaux,75008,580,103
Location,Bureaux,75008,686,119
Location,Bureaux,75008,550,100
Location,Bureaux,75008,743,55
Location,Bureaux,75008,560,30
Location,Bureaux,75008,580,187
Location,Bureaux,75008,800,1175
Location,Bureaux,75008,454,37
Location,Bureaux,75008,580,320
Location,Bureaux,75008,419,87
Location,Bureaux,75008,501,99
Location,Bureaux,75008,600,220
Location,Bureaux,75008,500,111
Location,Bureaux,75008,569,70
Location,Bureaux,75008,790,976
Location,Bureaux,75008,650,156
Location,Bureaux,75008,650,202
Location,Bureaux,75008,672,116
Location,Bureaux,75008,655,119
Location,Bureaux,75008,550,70
Location,Bureaux,75008,600,860
Location,Bureaux,75008,600,320
Location,Bureaux,75008,650,70
Location,Bureaux,75008,600,640
Location,Bureaux,75008,800,1175
Location,Bureaux,75008,700,263
Location,Bureaux,75008,600,220
Location,Bureaux,75008,558,70
Location,Bureaux,75008,600,540
Location,Bureaux,75008,620,610
Location,Bureaux,75008,600,320
Location,Bureaux,75008,680,192
Location,Bureaux,75008,609,612
Location,Bureaux,75008,NaN,6664
Location,Bureaux,75008,550,101
Location,Bureaux,75008,560,30
Location,Bureaux,75008,570,107
Location,Bureaux,75008,600,30
Location,Bureaux,75008,445,76
Location,Bureaux,75008,750,144
Location,Bureaux,75008,902,1098
Location,Bureaux,75008,700,280
Location,Bureaux,75008,674,25
Location,Bureaux,75008,700,263
Location,Bureaux,75008,NaN,1025
Location,Bureaux,75008,400,40
Location,Bureaux,75008,600,730
Location,Bureaux,75008,866,635
Location,Bureaux,75008,760,369
Location,Bureaux,75008,850,180
Location,Bureaux,75008,502,51
Location,Bureaux,75008,550,158
Location,Bureaux,75008,680,302
Location,Bureaux,75008,590,172
Location,Bureaux,75008,548,146
Location,Bureaux,75008,600,320
Location,Bureaux,75008,600,320
Location,Bureaux,75008,760,1529
Location,Bureaux,75008,770,1889
Location,Bureaux,75008,650,163
Location,Bureaux,75008,539,226
Location,Bureaux,75008,600,320
Location,Bureaux,75008,630,250
Location,Bureaux,75008,630,292
Location,Bureaux,75008,650,155
Location,Bureaux,75008,NaN,48
Location,Bureaux,75008,675,32
Location,Bureaux,75008,467,89
Location,Bureaux,75008,600,320
Location,Bureaux,75008,510,142
Location,Bureaux,75008,850,1718
Location,Bureaux,75008,620,236
Location,Bureaux,75008,695,405
Location,Bureaux,75008,644,621
Location,Bureaux,75008,650,197
Location,Bureaux,75008,770,1889
Location,Bureaux,75008,600,140
Location,Bureaux,75008,750,144
Location,Bureaux,75008,680,169
Location,Bureaux,75008,533,45
Location,Bureaux,75008,600,320
Location,Bureaux,75008,633,79
Location,Bureaux,75008,620,206
Location,Bureaux,75008,NaN,547
Location,Bureaux,75008,640,155
Location,Bureaux,75008,510,296
Location,Bureaux,75008,750,4646
Location,Bureaux,75008,595,48
Location,Bureaux,75008,829,72
Location,Bureaux,75008,670,255
Location,Bureaux,75008,600,174
Location,Bureaux,75008,689,305
Location,Bureaux,75008,650,215
Location,Bureaux,75008,530,297
Location,Bureaux,75008,550,243
Location,Bureaux,75008,570,107
Location,Bureaux,75008,550,127
Location,Bureaux,75008,740,3268
Location,Bureaux,75008,580,250
Location,Bureaux,75008,650,451
Location,Bureaux,75008,251,81
Location,Bureaux,75008,600,320
Location,Bureaux,75008,600,139
Location,Bureaux,75008,675,297
Location,Bureaux,75008,640,230
Location,Bureaux,75008,539,226
Location,Bureaux,75008,617,35
Location,Bureaux,75008,NaN,200
Location,Bureaux,75008,549,226
Location,Bureaux,75008,545,92
Location,Bureaux,75008,550,219
Location,Bureaux,75008,650,175
Location,Bureaux,75008,638,986
Location,Bureaux,75008,787,1625
Location,Bureaux,75008,600,133
Location,Bureaux,75008,600,320
Location,Bureaux,75008,510,296
Location,Bureaux,75008,510,142
Location,Bureaux,75008,550,70
Location,Bureaux,75008,520,242
Location,Bureaux,75008,530,150
Location,Bureaux,75008,412,136
Location,Bureaux,75008,638,141
Location,Bureaux,75008,539,226
Location,Bureaux,75008,450,130
Location,Bureaux,75008,848,99
Location,Bureaux,75008,973,411
Location,Bureaux,75008,NaN,380
Location,Bureaux,75008,510,296
Location,Bureaux,75008,642,249
Location,Bureaux,75008,600,140
Location,Bureaux,75008,720,346
Location,Bureaux,75008,531,249
Location,Bureaux,75008,630,344
Location,Bureaux,75008,360,222
Location,Bureaux,75008,730,285
Location,Bureaux,75008,650,202
Location,Bureaux,75008,650,364
Location,Bureaux,75008,475,48
Location,Bureaux,75008,625,182
Location,Bureaux,75008,621,313
Location,Bureaux,75008,523,130
Location,Bureaux,75008,550,219
Location,Bureaux,75008,660,360
Location,Bureaux,75008,680,206
Location,Bureaux,75008,539,226
Location,Bureaux,75008,520,1099
Location,Bureaux,75008,750,380
Location,Bureaux,75008,490,90
Location,Bureaux,75008,600,220
Location,Bureaux,75008,1000,200
Location,Bureaux,75008,NaN,375
Location,Bureaux,75008,660,60
Location,Bureaux,75008,642,30
Location,Bureaux,75008,860,120
Location,Bureaux,75008,510,274
Location,Bureaux,75008,1000,300
Location,Bureaux,75008,NaN,489
Location,Bureaux,75008,1000,5415
Location,Bureaux,75008,600,320
Location,Bureaux,75008,1000,100
Location,Bureaux,75008,800,30
Location,Bureaux,75008,NaN,99
Location,Bureaux,75008,602,24
Location,Bureaux,75008,NaN,280
Location,Bureaux,75008,564,101
Location,Bureaux,75008,510,145
Location,Bureaux,75008,500,211
Location,Bureaux,75008,686,25
Location,Bureaux,75008,480,211
Location,Bureaux,75008,533,152
Location,Bureaux,75008,700,40
Location,Bureaux,75008,500,225
Location,Bureaux,75008,413,92
Location,Bureaux,75008,520,413
Location,Bureaux,75008,482,59
Location,Bureaux,75008,900,2060
Location,Bureaux,75008,610,118
Location,Bureaux,75008,550,94
Location,Bureaux,75008,500,99
Location,Bureaux,75008,500,211
Location,Bureaux,75008,690,301
Location,Bureaux,75008,638,141
Location,Bureaux,75008,500,169
Location,Bureaux,75008,658,63
Location,Bureaux,75008,650,125
Location,Bureaux,75008,550,69
Location,Bureaux,75008,690,659
Location,Bureaux,75008,460,245
Location,Bureaux,75008,624,250
Location,Bureaux,75008,698,117
Location,Bureaux,75008,700,191
Location,Bureaux,75008,583,60
Location,Bureaux,75008,420,44
Location,Bureaux,75008,550,82
Location,Bureaux,75008,550,63
Location,Bureaux,75008,600,320
Location,Bureaux,75008,493,52
Location,Bureaux,75008,740,270
Location,Bureaux,75008,620,77
Location,Bureaux,75008,550,236
Location,Bureaux,75008,700,202
Location,Bureaux,75008,520,92
Location,Bureaux,75008,484,253
Location,Bureaux,75008,550,53
Location,Bureaux,75008,550,82
Location,Bureaux,75008,490,102
Location,Bureaux,75008,420,90
Location,Bureaux,75008,340,90
Location,Bureaux,75008,450,160
Location,Bureaux,75008,425,98
Location,Bureaux,75008,500,145
Location,Bureaux,75008,425,98
Location,Bureaux,75008,507,148
Location,Bureaux,75008,670,188
Location,Bureaux,75008,620,261
Location,Bureaux,75008,420,200
Location,Bureaux,75008,900,40
Location,Bureaux,75008,530,138
Location,Bureaux,75008,611,28
Location,Bureaux,75008,450,50
Location,Bureaux,75008,506,215
Location,Bureaux,75008,500,60
Location,Bureaux,75008,470,175
Location,Bureaux,75008,600,62
Location,Bureaux,75008,680,215
Location,Bureaux,75008,600,62
Location,Bureaux,75008,470,175
Location,Bureaux,75008,493,152
Location,Bureaux,75008,480,173
Location,Bureaux,75008,600,65
Location,Bureaux,75008,530,250
Location,Bureaux,75008,550,84
Location,Bureaux,75008,500,200
Location,Bureaux,75008,475,173
Location,Bureaux,75008,534,72
Location,Bureaux,75008,581,123
Location,Bureaux,75008,550,276
Location,Bureaux,75008,530,127
Location,Bureaux,75008,650,1214
Location,Bureaux,75008,583,60
Location,Bureaux,75008,450,142
Location,Bureaux,75008,530,127
Location,Bureaux,75008,450,50
Location,Bureaux,75008,540,321
Location,Bureaux,75008,530,85
Location,Bureaux,75008,530,127
Location,Bureaux,75008,NaN,285
Location,Bureaux,75008,630,175
Location,Bureaux,75008,362,80
Location,Bureaux,75008,435,261
Location,Bureaux,75008,500,97
Location,Bureaux,75008,470,97
Location,Bureaux,75009,760,9088
Location,Bureaux,75009,500,60
Location,Bureaux,75009,600,187
Location,Bureaux,75009,550,95
Location,Bureaux,75009,396,164
Location,Bureaux,75009,530,200
Location,Bureaux,75009,700,881
Location,Bureaux,75009,660,1178
Location,Bureaux,75009,690,1619
Location,Bureaux,75009,388,103
Location,Bureaux,75009,800,1600
Location,Bureaux,75009,867,180
Location,Bureaux,75009,424,66
Location,Bureaux,75009,650,293
Location,Bureaux,75009,380,90
Location,Bureaux,75009,600,178
Location,Bureaux,75009,650,134
Location,Bureaux,75009,515,424
Location,Bureaux,75009,431,232
Location,Bureaux,75009,540,98
Location,Bureaux,75009,550,107
Location,Bureaux,75009,540,98
Location,Bureaux,75009,420,238
Location,Bureaux,75009,456,237
Location,Bureaux,75009,629,275
Location,Bureaux,75009,500,142
Location,Bureaux,75009,650,280
Location,Bureaux,75009,576,102
Location,Bureaux,75009,800,150
Location,Bureaux,75009,550,184
Location,Bureaux,75009,652,303
Location,Bureaux,75009,750,350
Location,Bureaux,75009,NaN,366
Location,Bureaux,75009,611,275
Location,Bureaux,75009,675,427
Location,Bureaux,75009,700,3789
Location,Bureaux,75009,480,93
Location,Bureaux,75009,740,1231
Location,Bureaux,75009,750,1277
Location,Bureaux,75009,640,187
Location,Bureaux,75009,520,115
Location,Bureaux,75009,620,61
Location,Bureaux,75009,550,120
Location,Bureaux,75009,500,50
Location,Bureaux,75009,550,107
Location,Bureaux,75009,570,171
Location,Bureaux,75009,570,139
Location,Bureaux,75009,570,310
Location,Bureaux,75009,500,69
Location,Bureaux,75009,520,154
Location,Bureaux,75009,442,63
Location,Bureaux,75009,613,90
Location,Bureaux,75009,740,2922
Location,Bureaux,75009,390,82
Location,Bureaux,75009,NaN,2356
Location,Bureaux,75009,490,105
Location,Bureaux,75009,450,213
Location,Bureaux,75009,330,262
Location,Bureaux,75009,750,40
Location,Bureaux,75009,700,3788
Location,Bureaux,75009,600,258
Location,Bureaux,75009,600,843
Location,Bureaux,75009,651,250
Location,Bureaux,75009,650,835
Location,Bureaux,75009,448,66
Location,Bureaux,75009,550,98
Location,Bureaux,75009,650,1386
Location,Bureaux,75009,640,287
Location,Bureaux,75009,830,3378
Location,Bureaux,75009,651,300
Location,Bureaux,75009,490,150
Location,Bureaux,75009,700,277
Location,Bureaux,75009,630,130
Location,Bureaux,75009,308,151
Location,Bureaux,75009,480,68
Location,Bureaux,75009,396,164
Location,Bureaux,75009,847,85
Location,Bureaux,75009,550,95
Location,Bureaux,75009,NaN,598
Location,Bureaux,75009,440,406
Location,Bureaux,75009,700,3789
Location,Bureaux,75009,720,120
Location,Bureaux,75009,714,2622
Location,Bureaux,75009,530,150
Location,Bureaux,75009,550,102
Location,Bureaux,75009,550,144
Location,Bureaux,75009,540,270
Location,Bureaux,75009,600,250
Location,Bureaux,75009,960,120
Location,Bureaux,75009,960,40
Location,Bureaux,75009,NaN,3378
Location,Bureaux,75009,960,80
Location,Bureaux,75009,431,78
Location,Bureaux,75009,480,70
Location,Bureaux,75009,500,69
Location,Bureaux,75009,442,95
Location,Bureaux,75009,468,100
Location,Bureaux,75009,490,142
Location,Bureaux,75009,NaN,550
Location,Bureaux,75009,720,80
Location,Bureaux,75009,500,69
Location,Bureaux,75009,NaN,30
Location,Bureaux,75009,NaN,800
Location,Bureaux,75009,500,200
Location,Bureaux,75009,439,223
Location,Bureaux,75009,438,138
Location,Bureaux,75009,550,144
Location,Bureaux,75009,550,60
Location,Bureaux,75009,577,104
Location,Bureaux,75009,546,130
Location,Bureaux,75009,500,118
Location,Bureaux,75009,500,48
Location,Bureaux,75009,473,42
Location,Bureaux,75009,392,102
Location,Bureaux,75009,415,67
Location,Bureaux,75009,800,45
Location,Bureaux,75009,428,74
Location,Bureaux,75009,460,60
Location,Bureaux,75009,333,30
Location,Bureaux,75009,453,163
Location,Bureaux,75009,550,197
Location,Bureaux,75009,444,90
Location,Bureaux,75009,593,81
Location,Bureaux,75009,421,185
Location,Bureaux,75009,450,176
Location,Bureaux,75009,375,88
Location,Bureaux,75009,480,110
Location,Bureaux,75009,460,235
Location,Bureaux,75009,480,164
Location,Bureaux,75009,480,120
Location,Bureaux,75009,990,32
Location,Bureaux,75009,500,107
Location,Bureaux,75009,425,83
Location,Bureaux,75009,347,458
Location,Bureaux,75009,440,91
Location,Bureaux,75009,NaN,125
Location,Bureaux,75009,540,270
Location,Bureaux,75009,500,201
Location,Bureaux,75009,550,74
Location,Bureaux,75009,450,158
Location,Bureaux,75009,470,65
Location,Bureaux,75009,410,66
Location,Bureaux,75009,327,55
Location,Bureaux,75009,450,125
Location,Bureaux,75009,450,125
Location,Bureaux,75009,430,272
Location,Bureaux,75009,500,153
Location,Bureaux,75009,530,237
Location,Bureaux,75009,390,52
Location,Bureaux,75009,410,115
Location,Bureaux,75009,370,71
Location,Bureaux,75009,435,139
Location,Bureaux,75009,NaN,42
Location,Bureaux,75009,530,100
Location,Bureaux,75009,490,136
Location,Bureaux,75009,553,179
Location,Bureaux,75009,412,57
Location,Bureaux,75010,300,60
Location,Bureaux,75010,334,180
Location,Bureaux,75010,353,51
Location,Bureaux,75010,320,145
Location,Bureaux,75010,657,70
Location,Bureaux,75010,500,69
Location,Bureaux,75010,550,388
Location,Bureaux,75010,700,365
Location,Bureaux,75010,420,226
Location,Bureaux,75010,385,226
Location,Bureaux,75010,550,139
Location,Bureaux,75010,582,126
Location,Bureaux,75010,625,4163
Location,Bureaux,75010,600,70
Location,Bureaux,75010,700,364
Location,Bureaux,75010,891,22
Location,Bureaux,75010,400,107
Location,Bureaux,75010,700,150
Location,Bureaux,75010,700,364
Location,Bureaux,75010,600,120
Location,Bureaux,75010,700,150
Location,Bureaux,75010,701,364
Location,Bureaux,75010,450,207
Location,Bureaux,75010,353,51
Location,Bureaux,75010,500,130
Location,Bureaux,75010,700,150
Location,Bureaux,75010,340,116
Location,Bureaux,75010,700,364
Location,Bureaux,75010,353,51
Location,Bureaux,75010,430,144
Location,Bureaux,75010,288,474
Location,Bureaux,75010,580,198
Location,Bureaux,75010,288,400
Location,Bureaux,75010,288,474
Location,Bureaux,75010,500,226
Location,Bureaux,75010,288,474
Location,Bureaux,75010,400,350
Location,Bureaux,75010,550,240
Location,Bureaux,75010,400,350
Location,Bureaux,75010,580,198
Location,Bureaux,75010,500,180
Location,Bureaux,75010,450,207
Location,Bureaux,75010,700,150
Location,Bureaux,75010,530,125
Location,Bureaux,75010,550,140
Location,Bureaux,75010,680,671
Location,Bureaux,75010,340,116
Location,Bureaux,75010,500,70
Location,Bureaux,75010,440,207
Location,Bureaux,75010,450,155
Location,Bureaux,75010,450,205
Location,Bureaux,75010,500,70
Location,Bureaux,75010,510,105
Location,Bureaux,75010,650,190
Location,Bureaux,75010,390,58
Location,Bureaux,75010,550,388
Location,Bureaux,75010,500,138
Location,Bureaux,75010,440,84
Location,Bureaux,75010,420,226
Location,Bureaux,75010,300,51
Location,Bureaux,75010,286,98
Location,Bureaux,75010,450,207
Location,Bureaux,75010,500,226
Location,Bureaux,75010,500,70
Location,Bureaux,75010,332,211
Location,Bureaux,75010,400,225
Location,Bureaux,75010,320,145
Location,Bureaux,75010,510,105
Location,Bureaux,75010,450,205
Location,Bureaux,75010,290,350
Location,Bureaux,75010,700,150
Location,Bureaux,75010,400,225
Location,Bureaux,75010,510,105
Location,Bureaux,75010,700,150
Location,Bureaux,75010,550,388
Location,Bureaux,75010,400,138
Location,Bureaux,75010,500,70
Location,Bureaux,75010,550,118
Location,Bureaux,75010,500,210
Location,Bureaux,75010,329,75
Location,Bureaux,75010,700,150
Location,Bureaux,75010,450,200
Location,Bureaux,75010,514,35
Location,Bureaux,75010,628,35
Location,Bureaux,75010,470,291
Location,Bureaux,75010,480,353
Location,Bureaux,75010,370,118
Location,Bureaux,75010,341,104
Location,Bureaux,75010,460,73
Location,Bureaux,75010,510,128
Location,Bureaux,75010,450,110
Location,Bureaux,75010,500,105
Location,Bureaux,75010,380,170
Location,Bureaux,75010,444,165
Location,Bureaux,75010,390,122
Location,Bureaux,75010,420,189
Location,Bureaux,75010,327,191
Location,Bureaux,75010,327,191
Location,Bureaux,75010,937,32
Location,Bureaux,75010,360,86
Location,Bureaux,75010,390,92
Location,Bureaux,75010,322,208
Location,Bureaux,75010,536,56
Location,Bureaux,75010,350,100
Location,Bureaux,75010,471,68
Location,Bureaux,75010,999,27
Location,Bureaux,75010,800,125
Location,Bureaux,75010,397,42
Location,Bureaux,75010,420,126
Location,Bureaux,75010,380,92
Location,Bureaux,75010,420,30
Location,Bureaux,75010,444,90
Location,Bureaux,75010,358,120
Location,Bureaux,75010,240,394
Location,Bureaux,75010,460,180
Location,Bureaux,75010,325,107
Location,Bureaux,75010,600,200
Location,Bureaux,75010,325,107
Location,Bureaux,75010,600,340
Location,Bureaux,75010,460,73
Location,Bureaux,75010,460,73
Location,Bureaux,75010,426,108
Location,Bureaux,75011,412,32
Location,Bureaux,75011,300,89
Location,Bureaux,75011,332,65
Location,Bureaux,75011,412,255
Location,Bureaux,75011,NaN,52
Location,Bureaux,75011,514,42
Location,Bureaux,75011,460,123
Location,Bureaux,75011,521,36
Location,Bureaux,75011,650,457
Location,Bureaux,75011,480,976
Location,Bureaux,75011,350,180
Location,Bureaux,75011,377,180
Location,Bureaux,75011,650,1974
Location,Bureaux,75011,330,100
Location,Bureaux,75011,520,147
Location,Bureaux,75011,384,217
Location,Bureaux,75011,365,104
Location,Bureaux,75011,492,327
Location,Bureaux,75011,420,30
Location,Bureaux,75011,431,32
Location,Bureaux,75011,380,362
Location,Bureaux,75011,500,424
Location,Bureaux,75011,380,363
Location,Bureaux,75011,435,230
Location,Bureaux,75011,528,265
Location,Bureaux,75011,320,60
Location,Bureaux,75011,450,160
Location,Bureaux,75011,582,3088
Location,Bureaux,75011,319,60
Location,Bureaux,75011,500,158
Location,Bureaux,75011,559,492
Location,Bureaux,75011,428,140
Location,Bureaux,75011,450,160
Location,Bureaux,75011,480,200
Location,Bureaux,75011,450,160
Location,Bureaux,75011,504,100
Location,Bureaux,75011,720,150
Location,Bureaux,75011,583,103
Location,Bureaux,75011,480,976
Location,Bureaux,75011,559,492
Location,Bureaux,75011,470,728
Location,Bureaux,75011,440,160
Location,Bureaux,75011,350,160
Location,Bureaux,75011,470,728
Location,Bureaux,75011,350,180
Location,Bureaux,75011,358,436
Location,Bureaux,75011,300,160
Location,Bureaux,75011,514,140
Location,Bureaux,75011,450,160
Location,Bureaux,75011,450,160
Location,Bureaux,75011,520,250
Location,Bureaux,75011,470,324
Location,Bureaux,75011,650,457
Location,Bureaux,75011,336,100
Location,Bureaux,75011,310,229
Location,Bureaux,75011,456,214
Location,Bureaux,75011,380,363
Location,Bureaux,75011,350,180
Location,Bureaux,75011,NaN,852
Location,Bureaux,75011,570,350
Location,Bureaux,75011,456,214
Location,Bureaux,75011,400,109
Location,Bureaux,75011,520,145
Location,Bureaux,75011,225,89
Location,Bureaux,75011,222,270
Location,Bureaux,75011,380,88
Location,Bureaux,75011,559,492
Location,Bureaux,75011,400,140
Location,Bureaux,75011,179,329
Location,Bureaux,75011,550,360
Location,Bureaux,75011,384,26
Location,Bureaux,75011,473,183
Location,Bureaux,75011,300,150
Location,Bureaux,75011,367,150
Location,Bureaux,75011,381,92
Location,Bureaux,75011,222,270
Location,Bureaux,75011,408,81
Location,Bureaux,75011,319,162
Location,Bureaux,75011,650,550
Location,Bureaux,75011,403,138
Location,Bureaux,75011,351,157
Location,Bureaux,75011,333,165
Location,Bureaux,75011,324,166
Location,Bureaux,75011,500,155
Location,Bureaux,75011,466,210
Location,Bureaux,75011,350,104
Location,Bureaux,75011,294,102
Location,Bureaux,75011,400,165
Location,Bureaux,75011,380,91
Location,Bureaux,75011,348,105
Location,Bureaux,75011,420,110
Location,Bureaux,75011,364,220
Location,Bureaux,75011,440,224
Location,Bureaux,75011,462,180
Location,Bureaux,75011,275,133
Location,Bureaux,75011,334,75
Location,Bureaux,75011,36,338
Location,Bureaux,75011,37,280
Location,Bureaux,75011,420,242
Location,Bureaux,75011,462,251
Location,Bureaux,75011,375,32
Location,Bureaux,75011,450,148
Location,Bureaux,75011,360,152
Location,Bureaux,75011,410,255
Location,Bureaux,75012,450,251
Location,Bureaux,75012,450,251
Location,Bureaux,75012,460,161
Location,Bureaux,75012,450,95
Location,Bureaux,75012,294,1088
Location,Bureaux,75012,389,316
Location,Bureaux,75012,765,588
Location,Bureaux,75012,412,32
Location,Bureaux,75012,500,570
Location,Bureaux,75012,450,152
Location,Bureaux,75012,430,250
Location,Bureaux,75012,280,300
Location,Bureaux,75012,430,250
Location,Bureaux,75012,396,95
Location,Bureaux,75012,311,322
Location,Bureaux,75012,400,85
Location,Bureaux,75012,520,206
Location,Bureaux,75012,430,250
Location,Bureaux,75012,600,700
Location,Bureaux,75012,260,115
Location,Bureaux,75012,414,116
Location,Bureaux,75012,300,287
Location,Bureaux,75012,395,82
Location,Bureaux,75012,480,983
Location,Bureaux,75012,430,250
Location,Bureaux,75012,454,88
Location,Bureaux,75012,600,700
Location,Bureaux,75012,390,304
Location,Bureaux,75012,490,1831
Location,Bureaux,75012,480,983
Location,Bureaux,75012,434,291
Location,Bureaux,75012,475,38
Location,Bureaux,75012,423,290
Location,Bureaux,75012,280,300
Location,Bureaux,75012,480,204
Location,Bureaux,75012,576,100
Location,Bureaux,75012,600,150
Location,Bureaux,75012,450,122
Location,Bureaux,75012,480,983
Location,Bureaux,75012,437,165
Location,Bureaux,75012,460,225
Location,Bureaux,75012,480,983
Location,Bureaux,75012,380,130
Location,Bureaux,75012,448,165
Location,Bureaux,75012,600,650
Location,Bureaux,75012,480,983
Location,Bureaux,75012,300,120
Location,Bureaux,75012,600,900
Location,Bureaux,75012,475,1031
Location,Bureaux,75012,420,256
Location,Bureaux,75012,530,200
Location,Bureaux,75012,525,145
Location,Bureaux,75012,450,152
Location,Bureaux,75012,430,250
Location,Bureaux,75012,280,300
Location,Bureaux,75012,480,983
Location,Bureaux,75012,205,1245
Location,Bureaux,75012,355,720
Location,Bureaux,75012,355,719
Location,Bureaux,75012,450,165
Location,Bureaux,75012,205,1246
Location,Bureaux,75012,576,100
Location,Bureaux,75012,450,250
Location,Bureaux,75012,606,33
Location,Bureaux,75012,480,983
Location,Bureaux,75012,380,88
Location,Bureaux,75012,391,126
Location,Bureaux,75012,400,85
Location,Bureaux,75012,420,90
Location,Bureaux,75012,364,77
Location,Bureaux,75012,395,71
Location,Bureaux,75012,300,90
Location,Bureaux,75012,520,412
Location,Bureaux,75012,450,122
Location,Bureaux,75012,386,220
Location,Bureaux,75012,306,488
Location,Bureaux,75012,377,294
Location,Bureaux,75012,360,150
Location,Bureaux,75012,420,197
Location,Bureaux,75012,380,294
Location,Bureaux,75012,429,97
Location,Bureaux,75012,260,100
Location,Bureaux,75012,350,300
Location,Bureaux,75013,350,507
Location,Bureaux,75013,280,115
Location,Bureaux,75013,NaN,1615
Location,Bureaux,75013,480,1088
Location,Bureaux,75013,480,1088
Location,Bureaux,75013,NaN,40
Location,Bureaux,75013,350,96
Location,Bureaux,75013,324,148
Location,Bureaux,75013,324,148
Location,Bureaux,75013,350,165
Location,Bureaux,75013,450,2100
Location,Bureaux,75013,324,148
Location,Bureaux,75013,480,1088
Location,Bureaux,75013,440,165
Location,Bureaux,75013,350,389
Location,Bureaux,75013,320,344
Location,Bureaux,75013,400,508
Location,Bureaux,75013,455,34
Location,Bureaux,75013,293,123
Location,Bureaux,75013,250,977
Location,Bureaux,75013,320,1486
Location,Bureaux,75013,290,191
Location,Bureaux,75013,270,138
Location,Bureaux,75013,290,191
Location,Bureaux,75013,352,165
Location,Bureaux,75013,500,297
Location,Bureaux,75013,240,217
Location,Bureaux,75013,350,195
Location,Bureaux,75013,340,360
Location,Bureaux,75013,350,96
Location,Bureaux,75013,324,148
Location,Bureaux,75013,450,300
Location,Bureaux,75013,280,213
Location,Bureaux,75013,167,465
Location,Bureaux,75013,300,640
Location,Bureaux,75013,NaN,512
Location,Bureaux,75013,258,31
Location,Bureaux,75013,300,74
Location,Bureaux,75013,350,96
Location,Bureaux,75013,300,78
Location,Bureaux,75013,360,302
Location,Bureaux,75013,291,70
Location,Bureaux,75014,420,270
Location,Bureaux,75014,335,63
Location,Bureaux,75014,420,80
Location,Bureaux,75014,450,338
Location,Bureaux,75014,NaN,190
Location,Bureaux,75014,446,78
Location,Bureaux,75014,600,1159
Location,Bureaux,75014,350,97
Location,Bureaux,75014,486,247
Location,Bureaux,75014,420,80
Location,Bureaux,75014,440,78
Location,Bureaux,75014,335,63
Location,Bureaux,75014,324,278
Location,Bureaux,75014,514,35
Location,Bureaux,75014,324,972
Location,Bureaux,75014,380,1540
Location,Bureaux,75014,409,85
Location,Bureaux,75014,167,90
Location,Bureaux,75014,390,143
Location,Bureaux,75014,450,338
Location,Bureaux,75014,380,253
Location,Bureaux,75014,370,70
Location,Bureaux,75014,380,70
Location,Bureaux,75014,258,143
Location,Bureaux,75014,NaN,9647
Location,Bureaux,75014,660,30
Location,Bureaux,75014,370,70
Location,Bureaux,75014,409,85
Location,Bureaux,75014,460,521
Location,Bureaux,75014,290,1548
Location,Bureaux,75014,460,522
Location,Bureaux,75014,346,188
Location,Bureaux,75014,460,522
Location,Bureaux,75014,460,521
Location,Bureaux,75014,384,1102
Location,Bureaux,75014,488,246
Location,Bureaux,75014,876,400
Location,Bureaux,75014,409,85
Location,Bureaux,75014,335,63
Location,Bureaux,75014,411,73
Location,Bureaux,75014,250,600
Location,Bureaux,75014,425,85
Location,Bureaux,75014,370,70
Location,Bureaux,75014,460,521
Location,Bureaux,75014,486,247
Location,Bureaux,75014,350,192
Location,Bureaux,75014,380,63
Location,Bureaux,75014,514,35
Location,Bureaux,75014,321,84
Location,Bureaux,75014,240,150
Location,Bureaux,75014,300,134
Location,Bureaux,75014,413,240
Location,Bureaux,75014,220,68
Location,Bureaux,75014,370,190
Location,Bureaux,75014,540,160
Location,Bureaux,75015,419,117
Location,Bureaux,75015,650,108
Location,Bureaux,75015,410,120
Location,Bureaux,75015,322,155
Location,Bureaux,75015,650,110
Location,Bureaux,75015,650,110
Location,Bureaux,75015,250,60
Location,Bureaux,75015,403,61
Location,Bureaux,75015,250,2765
Location,Bureaux,75015,410,103
Location,Bureaux,75015,450,172
Location,Bureaux,75015,456,263
Location,Bureaux,75015,310,219
Location,Bureaux,75015,368,57
Location,Bureaux,75015,543,630
Location,Bureaux,75015,403,61
Location,Bureaux,75015,330,80
Location,Bureaux,75015,480,1250
Location,Bureaux,75015,270,71
Location,Bureaux,75015,480,1250
Location,Bureaux,75015,488,80
Location,Bureaux,75015,300,110
Location,Bureaux,75015,403,61
Location,Bureaux,75015,320,115
Location,Bureaux,75015,368,152
Location,Bureaux,75015,450,95
Location,Bureaux,75015,403,61
Location,Bureaux,75015,273,135
Location,Bureaux,75015,429,70
Location,Bureaux,75015,300,756
Location,Bureaux,75015,441,68
Location,Bureaux,75015,368,152
Location,Bureaux,75015,490,1386
Location,Bureaux,75015,570,40
Location,Bureaux,75015,554,594
Location,Bureaux,75015,431,201
Location,Bureaux,75015,440,30
Location,Bureaux,75015,900,22
Location,Bureaux,75015,410,105
Location,Bureaux,75015,430,166
Location,Bureaux,75015,410,105
Location,Bureaux,75015,420,164
Location,Bureaux,75015,416,250
Location,Bureaux,75015,298,5879
Location,Bureaux,75015,360,1016
Location,Bureaux,75015,380,412
Location,Bureaux,75015,420,100
Location,Bureaux,75015,269,282
Location,Bureaux,75015,434,235
Location,Bureaux,75015,410,105
Location,Bureaux,75015,240,295
Location,Bureaux,75015,380,199
Location,Bureaux,75015,373,645
Location,Bureaux,75015,250,985
Location,Bureaux,75015,270,350
Location,Bureaux,75015,434,235
Location,Bureaux,75015,260,1072
Location,Bureaux,75015,330,127
Location,Bureaux,75015,390,458
Location,Bureaux,75015,330,270
Location,Bureaux,75015,360,1016
Location,Bureaux,75015,600,200
Location,Bureaux,75015,413,250
Location,Bureaux,75015,447,538
Location,Bureaux,75015,400,220
Location,Bureaux,75015,450,72
Location,Bureaux,75015,464,230
Location,Bureaux,75015,NaN,1794
Location,Bureaux,75015,431,169
Location,Bureaux,75015,325,154
Location,Bureaux,75015,650,109
Location,Bureaux,75015,420,420
Location,Bureaux,75015,360,1016
Location,Bureaux,75015,562,400
Location,Bureaux,75015,NaN,400
Location,Bureaux,75015,280,734
Location,Bureaux,75015,431,284
Location,Bureaux,75015,530,117
Location,Bureaux,75015,539,115
Location,Bureaux,75015,311,129
Location,Bureaux,75015,480,200
Location,Bureaux,75015,672,25
Location,Bureaux,75015,562,400
Location,Bureaux,75015,443,65
Location,Bureaux,75015,557,115
Location,Bureaux,75015,508,201
Location,Bureaux,75015,427,250
Location,Bureaux,75015,431,287
Location,Bureaux,75015,410,105
Location,Bureaux,75015,400,220
Location,Bureaux,75015,270,325
Location,Bureaux,75015,270,350
Location,Bureaux,75015,289,330
Location,Bureaux,75015,400,458
Location,Bureaux,75015,400,217
Location,Bureaux,75015,12,100
Location,Bureaux,75015,550,148
Location,Bureaux,75015,400,222
Location,Bureaux,75015,400,222
Location,Bureaux,75015,351,41
Location,Bureaux,75015,320,85
Location,Bureaux,75015,475,567
Location,Bureaux,75015,390,1638
Location,Bureaux,75015,380,168
Location,Bureaux,75015,331,85
Location,Bureaux,75015,250,60
Location,Bureaux,75016,590,403
Location,Bureaux,75016,590,407
Location,Bureaux,75016,720,1111
Location,Bureaux,75016,447,85
Location,Bureaux,75016,449,78
Location,Bureaux,75016,400,160
Location,Bureaux,75116,480,50
Location,Bureaux,75016,550,950
Location,Bureaux,75016,550,525
Location,Bureaux,75116,550,371
Location,Bureaux,75016,550,82
Location,Bureaux,75016,550,607
Location,Bureaux,75016,760,1530
Location,Bureaux,75116,357,143
Location,Bureaux,75116,600,70
Location,Bureaux,75016,600,27
Location,Bureaux,75016,525,80
Location,Bureaux,75016,560,45
Location,Bureaux,75016,352,143
Location,Bureaux,75016,500,105
Location,Bureaux,75116,530,142
Location,Bureaux,75016,385,110
Location,Bureaux,75016,1000,8520
Location,Bureaux,75016,954,22
Location,Bureaux,75016,750,40
Location,Bureaux,75016,768,25
Location,Bureaux,75116,760,309
Location,Bureaux,75016,622,27
Location,Bureaux,75116,590,122
Location,Bureaux,75016,430,93
Location,Bureaux,75016,588,255
Location,Bureaux,75116,465,430
Location,Bureaux,75016,571,140
Location,Bureaux,75016,394,127
Location,Bureaux,75116,800,3750
Location,Bureaux,75016,477,220
Location,Bureaux,75116,590,386
Location,Bureaux,75016,410,207
Location,Bureaux,75116,600,60
Location,Bureaux,75116,580,275
Location,Bureaux,75016,480,160
Location,Bureaux,75016,480,80
Location,Bureaux,75116,800,3750
Location,Bureaux,75016,550,300
Location,Bureaux,75016,590,200
Location,Bureaux,75016,500,320
Location,Bureaux,75116,540,67
Location,Bureaux,75016,410,317
Location,Bureaux,75116,670,701
Location,Bureaux,75016,760,309
Location,Bureaux,75016,570,350
Location,Bureaux,75016,590,1000
Location,Bureaux,75016,360,132
Location,Bureaux,75016,430,345
Location,Bureaux,75016,950,100
Location,Bureaux,75116,650,1034
Location,Bureaux,75016,425,56
Location,Bureaux,75016,353,68
Location,Bureaux,75016,394,127
Location,Bureaux,75016,427,82
Location,Bureaux,75016,650,240
Location,Bureaux,75116,590,389
Location,Bureaux,75016,NaN,1474
Location,Bureaux,75116,NaN,8634
Location,Bureaux,75016,NaN,5388
Location,Bureaux,75116,NaN,5364
Location,Bureaux,75016,760,289
Location,Bureaux,75016,760,309
Location,Bureaux,75016,637,98
Location,Bureaux,75016,720,2097
Location,Bureaux,75016,650,300
Location,Bureaux,75016,394,127
Location,Bureaux,75016,610,418
Location,Bureaux,75116,550,82
Location,Bureaux,75016,394,127
Location,Bureaux,75016,650,1034
Location,Bureaux,75016,424,75
Location,Bureaux,75116,760,289
Location,Bureaux,75116,500,104
Location,Bureaux,75116,720,1904
Location,Bureaux,75016,432,75
Location,Bureaux,75016,673,107
Location,Bureaux,75116,480,35
Location,Bureaux,75116,740,3647
Location,Bureaux,75016,500,185
Location,Bureaux,75016,760,289
Location,Bureaux,75016,NaN,289
Location,Bureaux,75016,407,56
Location,Bureaux,75016,650,1034
Location,Bureaux,75016,582,275
Location,Bureaux,75116,400,37
Location,Bureaux,75016,540,122
Location,Bureaux,75016,340,91
Location,Bureaux,75016,587,75
Location,Bureaux,75016,510,180
Location,Bureaux,75016,545,77
Location,Bureaux,75016,580,186
Location,Bureaux,75016,750,880
Location,Bureaux,75016,410,58
Location,Bureaux,75016,840,1050
Location,Bureaux,75016,672,50
Location,Bureaux,75016,650,951
Location,Bureaux,75016,844,2964
Location,Bureaux,75016,400,94
Location,Bureaux,75016,394,127
Location,Bureaux,75116,685,190
Location,Bureaux,75016,450,311
Location,Bureaux,75016,549,70
Location,Bureaux,75016,550,265
Location,Bureaux,75016,450,311
Location,Bureaux,75116,708,40
Location,Bureaux,75116,708,80
Location,Bureaux,75016,576,25
Location,Bureaux,75016,655,22
Location,Bureaux,75016,600,40
Location,Bureaux,75116,708,60
Location,Bureaux,75016,580,275
Location,Bureaux,75116,750,880
Location,Bureaux,75116,647,170
Location,Bureaux,75016,547,95
Location,Bureaux,75016,850,180
Location,Bureaux,75016,500,380
Location,Bureaux,75016,480,268
Location,Bureaux,75016,366,105
Location,Bureaux,75016,493,45
Location,Bureaux,75016,530,143
Location,Bureaux,75016,520,163
Location,Bureaux,75016,350,81
Location,Bureaux,75116,630,220
Location,Bureaux,75016,480,108
Location,Bureaux,75016,409,318
Location,Bureaux,75016,350,257
Location,Bureaux,75116,739,115
Location,Bureaux,75016,354,120
Location,Bureaux,75016,550,295
Location,Bureaux,75016,999,31
Location,Bureaux,75016,500,70
Location,Bureaux,75016,382,81
Location,Bureaux,75116,187,160
Location,Bureaux,75116,453,336
Location,Bureaux,75116,550,95
Location,Bureaux,75016,436,66
Location,Bureaux,75016,560,377
Location,Bureaux,75116,410,207
Location,Bureaux,75016,500,137
Location,Bureaux,75016,420,190
Location,Bureaux,75016,762,44
Location,Bureaux,75016,415,377
Location,Bureaux,75016,366,115
Location,Bureaux,75016,547,95
Location,Bureaux,75017,590,81
Location,Bureaux,75017,470,66
Location,Bureaux,75017,560,99
Location,Bureaux,75017,550,407
Location,Bureaux,75017,437,65
Location,Bureaux,75017,700,130
Location,Bureaux,75017,380,160
Location,Bureaux,75017,434,47
Location,Bureaux,75017,398,95
Location,Bureaux,75017,398,95
Location,Bureaux,75017,500,166
Location,Bureaux,75017,415,86
Location,Bureaux,75017,610,500
Location,Bureaux,75017,650,965
Location,Bureaux,75017,490,188
Location,Bureaux,75017,500,70
Location,Bureaux,75017,564,50
Location,Bureaux,75017,550,140
Location,Bureaux,75017,383,47
Location,Bureaux,75017,400,100
Location,Bureaux,75017,286,130
Location,Bureaux,75017,400,90
Location,Bureaux,75017,290,483
Location,Bureaux,75017,277,180
Location,Bureaux,75017,NaN,1135
Location,Bureaux,75017,234,36
Location,Bureaux,75017,400,100
Location,Bureaux,75017,NaN,405
Location,Bureaux,75017,300,130
Location,Bureaux,75017,420,180
Location,Bureaux,75017,570,388
Location,Bureaux,75017,680,857
Location,Bureaux,75017,340,74
Location,Bureaux,75017,510,240
Location,Bureaux,75017,416,48
Location,Bureaux,75017,410,253
Location,Bureaux,75017,450,173
Location,Bureaux,75017,510,240
Location,Bureaux,75017,570,214
Location,Bureaux,75017,480,116
Location,Bureaux,75017,410,55
Location,Bureaux,75017,529,34
Location,Bureaux,75017,504,396
Location,Bureaux,75017,420,3575
Location,Bureaux,75017,416,75
Location,Bureaux,75017,303,33
Location,Bureaux,75017,661,660
Location,Bureaux,75017,540,75
Location,Bureaux,75017,800,120
Location,Bureaux,75017,380,198
Location,Bureaux,75017,480,45
Location,Bureaux,75017,570,214
Location,Bureaux,75017,750,370
Location,Bureaux,75017,415,86
Location,Bureaux,75017,750,1582
Location,Bureaux,75017,750,458
Location,Bureaux,75017,650,380
Location,Bureaux,75017,290,483
Location,Bureaux,75017,700,7252
Location,Bureaux,75017,480,40
Location,Bureaux,75017,400,180
Location,Bureaux,75017,732,1608
Location,Bureaux,75017,432,55
Location,Bureaux,75017,417,60
Location,Bureaux,75017,420,416
Location,Bureaux,75017,450,325
Location,Bureaux,75017,525,80
Location,Bureaux,75017,443,233
Location,Bureaux,75017,650,100
Location,Bureaux,75017,530,46
Location,Bureaux,75017,480,35
Location,Bureaux,75017,570,388
Location,Bureaux,75017,396,694
Location,Bureaux,75017,530,141
Location,Bureaux,75017,500,382
Location,Bureaux,75017,760,1873
Location,Bureaux,75017,480,2575
Location,Bureaux,75017,550,611
Location,Bureaux,75017,441,215
Location,Bureaux,75017,396,100
Location,Bureaux,75017,396,95
Location,Bureaux,75017,545,55
Location,Bureaux,75017,490,265
Location,Bureaux,75017,720,38
Location,Bureaux,75017,430,173
Location,Bureaux,75017,411,645
Location,Bureaux,75017,416,75
Location,Bureaux,75017,410,55
Location,Bureaux,75017,368,68
Location,Bureaux,75017,NaN,2200
Location,Bureaux,75017,720,500
Location,Bureaux,75017,443,64
Location,Bureaux,75017,750,40
Location,Bureaux,75017,480,40
Location,Bureaux,75017,400,80
Location,Bureaux,75017,751,457
Location,Bureaux,75017,430,173
Location,Bureaux,75017,441,215
Location,Bureaux,75017,630,1630
Location,Bureaux,75017,630,550
Location,Bureaux,75017,517,694
Location,Bureaux,75017,NaN,330
Location,Bureaux,75017,430,200
Location,Bureaux,75017,500,307
Location,Bureaux,75017,426,56
Location,Bureaux,75017,354,36
Location,Bureaux,75017,400,52
Location,Bureaux,75017,400,52
Location,Bureaux,75017,420,40
Location,Bureaux,75017,582,33
Location,Bureaux,75017,320,491
Location,Bureaux,75017,430,120
Location,Bureaux,75017,490,116
Location,Bureaux,75017,396,53
Location,Bureaux,75017,500,50
Location,Bureaux,75017,613,45
Location,Bureaux,75017,500,152
Location,Bureaux,75017,600,100
Location,Bureaux,75017,480,43
Location,Bureaux,75017,470,132
Location,Bureaux,75017,356,157
Location,Bureaux,75017,340,94
Location,Bureaux,75017,368,68
Location,Bureaux,75017,370,445
Location,Bureaux,75017,488,320
Location,Bureaux,75017,487,320
Location,Bureaux,75018,443,65
Location,Bureaux,75018,220,234
Location,Bureaux,75018,337,89
Location,Bureaux,75018,406,65
Location,Bureaux,75018,280,1520
Location,Bureaux,75018,330,847
Location,Bureaux,75018,793,2647
Location,Bureaux,75018,420,873
Location,Bureaux,75018,450,2015
Location,Bureaux,75018,350,610
Location,Bureaux,75018,337,89
Location,Bureaux,75018,270,323
Location,Bureaux,75018,350,610
Location,Bureaux,75018,300,515
Location,Bureaux,75018,245,330
Location,Bureaux,75018,394,2258
Location,Bureaux,75018,394,1350
Location,Bureaux,75018,309,70
Location,Bureaux,75018,325,401
Location,Bureaux,75018,325,298
Location,Bureaux,75018,325,699
Location,Bureaux,75018,211,256
Location,Bureaux,75018,337,89
Location,Bureaux,75018,325,401
Location,Bureaux,75018,325,298
Location,Bureaux,75018,211,256
Location,Bureaux,75018,250,115
Location,Bureaux,75018,250,113
Location,Bureaux,75018,160,448
Location,Bureaux,75018,173,160
Location,Bureaux,75018,202,350
Location,Bureaux,75018,185,21
Location,Bureaux,75018,244,98
Location,Bureaux,75018,185,46
Location,Bureaux,75019,340,1713
Location,Bureaux,75019,340,963
Location,Bureaux,75019,278,233
Location,Bureaux,75019,444,50
Location,Bureaux,75019,500,700
Location,Bureaux,75019,333,1030
Location,Bureaux,75019,155,194
Location,Bureaux,75019,150,152
Location,Bureaux,75019,477,472
Location,Bureaux,75019,278,233
Location,Bureaux,75019,290,81
Location,Bureaux,75019,380,353
Location,Bureaux,75019,340,1139
Location,Bureaux,75019,288,133
Location,Bureaux,75019,340,1713
Location,Bureaux,75019,240,270
Location,Bureaux,75019,340,964
Location,Bureaux,75019,NaN,660
Location,Bureaux,75019,479,470
Location,Bureaux,75019,400,475
Location,Bureaux,75019,300,183
Location,Bureaux,75019,477,472
Location,Bureaux,75019,339,92
Location,Bureaux,75019,267,78
Location,Bureaux,75019,NaN,750
Location,Bureaux,75019,400,94
Location,Bureaux,75019,400,480
Location,Bureaux,75019,240,255
Location,Bureaux,75019,278,233
Location,Bureaux,75019,NaN,70
Location,Bureaux,75019,257,545
Location,Bureaux,75019,380,30
Location,Bureaux,75019,240,154
Location,Bureaux,75019,321,64
Location,Bureaux,75020,240,244
Location,Bureaux,75020,395,405
Location,Bureaux,75020,441,68
Location,Bureaux,75020,311,85
Location,Bureaux,75020,310,85
Location,Bureaux,75020,331,435
Location,Bureaux,75020,300,100
Location,Bureaux,75020,441,68
Location,Bureaux,75020,331,435
Location,Bureaux,75020,361,135
Location,Bureaux,75020,250,210
Location,Bureaux,75020,318,85
Location,Bureaux,75020,317,85
Location,Bureaux,75020,241,100
Location,Bureaux,75020,350,497
Location,Bureaux,75020,300,524
Location,Bureaux,75020,350,543
Location,Bureaux,75020,320,250
Location,Bureaux,75020,300,426
Location,Bureaux,75020,318,85
Location,Bureaux,75020,315,450
Location,Bureaux,75020,350,543
Location,Bureaux,75020,350,1021
Location,Bureaux,75020,400,369
Location,Bureaux,75020,300,80
Location,Bureaux,75020,300,640
Location,Bureaux,75020,NaN,314
Location,Bureaux,75020,274,210
Location,Bureaux,75020,295,600
Location,Bureaux,75020,163,95
Location,Bureaux,75020,285,28
Location,Bureaux,75020,450,32
